{
    "accuracy": 0.8425531914893617,
    "roc_auc": 0.9106584375831781
}